"Slug","Car","Title","Description","H1","TitlePattern","DescPattern","H1Pattern"
"actyon","액티언","액티언 신차렌트 월비용 비교 | 리스 월비용·할부 비교 | 행복한렌트몰","액티언 장기 이용조건을 비교할 때는 월 납입금과 보증금, 계약 종료 시 조건까지 함께 확인해보세요. 액티언을 신차로 이용할 때 필요한 계약조건과 비용 기준을 확인할 수 있습니다.","액티언 신차 장기렌트 조건과 리스 가격조건 비교","{차종} 신차렌트 월비용 비교 | 리스 월비용·할부 비교 | 행복한렌트몰","{차종} 장기 이용조건을 비교할 때는 월 납입금과 보증금, 계약 종료 시 조건까지 함께 확인해보세요. {차종}을 신차로 이용할 때 필요한 계약조건과 비용 기준을 확인할 수 있습니다.","{차종} 신차 장기렌트 조건과 리스 가격조건 비교"
"arkana","아르카나","아르카나 신차렌트 월비용 비교 | 신차리스·할부 견적 | 행복한렌트몰","아르카나 장기렌트 견적을 비교한다면 계약기간에 따른 비용 차이와 초기 납입 조건을 비교하는 것이 중요합니다. 아르카나 계약 전에 렌트와 리스의 조건 차이를 확인하고 견적을 비교해보세요.","아르카나 장기렌트 월비용과 신차리스 가격 비교","{차종} 신차렌트 월비용 비교 | 신차리스·할부 견적 | 행복한렌트몰","{차종} 장기렌트 견적을 비교한다면 계약기간에 따른 비용 차이와 초기 납입 조건을 비교하는 것이 중요합니다. {차종} 계약 전에 렌트와 리스의 조건 차이를 확인하고 견적을 비교해보세요.","{차종} 장기렌트 월비용과 신차리스 가격 비교"
"audi-a6","아우디 A6","아우디 A6 신차렌트 가격비교 | 신차리스·할부 견적 | 행복한렌트몰","아우디 A6 신차 계약 방식을 비교한다면 계약기간에 따른 비용 차이와 초기 납입 조건을 비교하는 것이 중요합니다. 아우디 A6 이용 목적에 맞춰 렌트·리스·할부 조건과 견적 내용을 확인할 수 있습니다.","아우디 A6 장기렌트 계약조건과 신차리스 견적 비교","{차종} 신차렌트 가격비교 | 신차리스·할부 견적 | 행복한렌트몰","{차종} 신차 계약 방식을 비교한다면 계약기간에 따른 비용 차이와 초기 납입 조건을 비교하는 것이 중요합니다. {차종} 이용 목적에 맞춰 렌트·리스·할부 조건과 견적 내용을 확인할 수 있습니다.","{차종} 장기렌트 계약조건과 신차리스 견적 비교"
"avante","아반떼","아반떼 신차 장기렌트 조건비교 | 신차리스 이용조건 | 행복한렌트몰","아반떼 신차장기렌트를 알아볼 때는 보증금과 선납금 여부, 연간 주행거리 조건을 함께 비교해보세요. 아반떼 신차렌트·리스·할부의 차이를 살펴보고 필요한 견적을 비교해볼 수 있습니다.","아반떼 장기렌트 계약조건과 자동차리스 비용 비교","{차종} 신차 장기렌트 조건비교 | 신차리스 이용조건 | 행복한렌트몰","{차종} 신차장기렌트를 알아볼 때는 보증금과 선납금 여부, 연간 주행거리 조건을 함께 비교해보세요. {차종} 신차렌트·리스·할부의 차이를 살펴보고 필요한 견적을 비교해볼 수 있습니다.","{차종} 장기렌트 계약조건과 자동차리스 비용 비교"
"benz-e-class","벤츠 E클래스","벤츠 E클래스 장기렌트카 이용조건 | 리스·할부 조건 확인 | 행복한렌트몰","벤츠 E클래스 렌트와 리스를 알아보는 경우 월 납입금과 보증금, 계약 종료 시 조건까지 함께 확인해보세요. 벤츠 E클래스 이용 목적에 맞춰 렌트·리스·할부 조건과 견적 내용을 확인할 수 있습니다.","벤츠 E클래스 장기렌트 월비용과 자동차리스 견적 비교","{차종} 장기렌트카 이용조건 | 리스·할부 조건 확인 | 행복한렌트몰","{차종} 렌트와 리스를 알아보는 경우 월 납입금과 보증금, 계약 종료 시 조건까지 함께 확인해보세요. {차종} 이용 목적에 맞춰 렌트·리스·할부 조건과 견적 내용을 확인할 수 있습니다.","{차종} 장기렌트 월비용과 자동차리스 견적 비교"
"benz-glc","벤츠 GLC","벤츠 GLC 신차렌트 가격비교 | 신차리스 가격비교 | 행복한렌트몰","벤츠 GLC 신차 계약 방식을 비교한다면 월 납입금과 보증금, 계약 종료 시 조건까지 함께 확인해보세요. 벤츠 GLC의 월 이용조건과 계약 방식을 비교해 신차 이용 계획을 세울 수 있습니다.","벤츠 GLC 신차장기렌트 가격과 리스·할부 견적 확인","{차종} 신차렌트 가격비교 | 신차리스 가격비교 | 행복한렌트몰","{차종} 신차 계약 방식을 비교한다면 월 납입금과 보증금, 계약 종료 시 조건까지 함께 확인해보세요. {차종}의 월 이용조건과 계약 방식을 비교해 신차 이용 계획을 세울 수 있습니다.","{차종} 신차장기렌트 가격과 리스·할부 견적 확인"
"bmw-5-series","BMW 5시리즈","BMW 5시리즈 신차렌트 월비용 비교 | 신차리스·할부 견적 | 행복한렌트몰","BMW 5시리즈을 장기간 이용할 계획이라면 신차 이용기간과 주행거리 기준에 따라 달라지는 조건을 비교할 수 있습니다. BMW 5시리즈 장기렌트카와 신차리스의 주요 조건을 한곳에서 비교할 수 있습니다.","BMW 5시리즈 신차장기렌트 가격과 리스·할부 조건 확인","{차종} 신차렌트 월비용 비교 | 신차리스·할부 견적 | 행복한렌트몰","{차종}을 장기간 이용할 계획이라면 신차 이용기간과 주행거리 기준에 따라 달라지는 조건을 비교할 수 있습니다. {차종} 장기렌트카와 신차리스의 주요 조건을 한곳에서 비교할 수 있습니다.","{차종} 신차장기렌트 가격과 리스·할부 조건 확인"
"bmw-x3","BMW X3","BMW X3 장기렌트 가격·조건 비교 | 리스·할부 가격 견적 | 행복한렌트몰","BMW X3 장기렌트카 가격을 살펴볼 때 보증금과 선납금 여부, 연간 주행거리 조건을 함께 비교해보세요. BMW X3 신차 이용 시 필요한 주요 계약 항목과 견적 조건을 비교할 수 있습니다.","BMW X3 장기렌트카 가격 및 신차리스 가격 비교","{차종} 장기렌트 가격·조건 비교 | 리스·할부 가격 견적 | 행복한렌트몰","{차종} 장기렌트카 가격을 살펴볼 때 보증금과 선납금 여부, 연간 주행거리 조건을 함께 비교해보세요. {차종} 신차 이용 시 필요한 주요 계약 항목과 견적 조건을 비교할 수 있습니다.","{차종} 장기렌트카 가격 및 신차리스 가격 비교"
"carnival","카니발","카니발 장기렌트 견적·월비용 | 자동차리스·할부 견적 | 행복한렌트몰","카니발 신차 계약 방식을 비교한다면 계약기간에 따른 비용 차이와 초기 납입 조건을 비교하는 것이 중요합니다. 카니발의 계약 방식별 비용과 이용조건을 확인하고 맞춤 견적을 살펴볼 수 있습니다.","카니발 장기렌트 월비용과 자동차리스 비용 비교","{차종} 장기렌트 견적·월비용 | 자동차리스·할부 견적 | 행복한렌트몰","{차종} 신차 계약 방식을 비교한다면 계약기간에 따른 비용 차이와 초기 납입 조건을 비교하는 것이 중요합니다. {차종}의 계약 방식별 비용과 이용조건을 확인하고 맞춤 견적을 살펴볼 수 있습니다.","{차종} 장기렌트 월비용과 자동차리스 비용 비교"
"casper","캐스퍼","캐스퍼 장기렌트카 이용조건 | 리스 가격·계약조건 | 행복한렌트몰","캐스퍼 신차렌트 견적을 준비한다면 월 납입금과 보증금, 계약 종료 시 조건까지 함께 확인해보세요. 캐스퍼 신차렌트·리스·할부의 차이를 살펴보고 필요한 견적을 비교해볼 수 있습니다.","캐스퍼 신차장기렌트 가격과 신차리스 가격 비교","{차종} 장기렌트카 이용조건 | 리스 가격·계약조건 | 행복한렌트몰","{차종} 신차렌트 견적을 준비한다면 월 납입금과 보증금, 계약 종료 시 조건까지 함께 확인해보세요. {차종} 신차렌트·리스·할부의 차이를 살펴보고 필요한 견적을 비교해볼 수 있습니다.","{차종} 신차장기렌트 가격과 신차리스 가격 비교"
"ev3","EV3","EV3 신차 장기렌트 조건비교 | 신차리스 가격비교 | 행복한렌트몰","EV3 신차 계약 방식을 비교한다면 월 이용금액뿐 아니라 계약기간과 만기 조건도 확인할 필요가 있습니다. EV3을 신차로 이용할 때 필요한 계약조건과 비용 기준을 확인할 수 있습니다.","EV3 신차장기렌트 가격과 자동차리스 비용 비교","{차종} 신차 장기렌트 조건비교 | 신차리스 가격비교 | 행복한렌트몰","{차종} 신차 계약 방식을 비교한다면 월 이용금액뿐 아니라 계약기간과 만기 조건도 확인할 필요가 있습니다. {차종}을 신차로 이용할 때 필요한 계약조건과 비용 기준을 확인할 수 있습니다.","{차종} 신차장기렌트 가격과 자동차리스 비용 비교"
"ev4","EV4","EV4 신차 장기렌트 조건비교 | 자동차리스 조건비교 | 행복한렌트몰","EV4 신차렌트 견적을 준비한다면 장기 이용 시 필요한 계약기간과 비용 항목을 먼저 정리해보세요. EV4 장기렌트카와 신차리스의 주요 조건을 한곳에서 비교할 수 있습니다.","EV4 신차렌트 이용조건과 자동차리스 비용 비교","{차종} 신차 장기렌트 조건비교 | 자동차리스 조건비교 | 행복한렌트몰","{차종} 신차렌트 견적을 준비한다면 장기 이용 시 필요한 계약기간과 비용 항목을 먼저 정리해보세요. {차종} 장기렌트카와 신차리스의 주요 조건을 한곳에서 비교할 수 있습니다.","{차종} 신차렌트 이용조건과 자동차리스 비용 비교"
"ev5","EV5","EV5 장기렌트카 이용조건 | 자동차리스·할부 견적 | 행복한렌트몰","EV5 신차렌트 견적을 준비한다면 초기비용 부담과 월 이용료 산정 조건을 나누어 살펴보는 것이 좋습니다. EV5 장기렌트카와 신차리스의 주요 조건을 한곳에서 비교할 수 있습니다.","EV5 장기렌트카 가격 및 리스·할부 조건 확인","{차종} 장기렌트카 이용조건 | 자동차리스·할부 견적 | 행복한렌트몰","{차종} 신차렌트 견적을 준비한다면 초기비용 부담과 월 이용료 산정 조건을 나누어 살펴보는 것이 좋습니다. {차종} 장기렌트카와 신차리스의 주요 조건을 한곳에서 비교할 수 있습니다.","{차종} 장기렌트카 가격 및 리스·할부 조건 확인"
"ev6","EV6","EV6 장기렌트카 견적비교 | 신차리스 이용조건 | 행복한렌트몰","EV6 장기렌트카 가격을 살펴볼 때 월 납입금과 보증금, 계약 종료 시 조건까지 함께 확인해보세요. EV6 계약 전에 렌트와 리스의 조건 차이를 확인하고 견적을 비교해보세요.","EV6 신차렌트 견적 및 자동차리스 견적 비교","{차종} 장기렌트카 견적비교 | 신차리스 이용조건 | 행복한렌트몰","{차종} 장기렌트카 가격을 살펴볼 때 월 납입금과 보증금, 계약 종료 시 조건까지 함께 확인해보세요. {차종} 계약 전에 렌트와 리스의 조건 차이를 확인하고 견적을 비교해보세요.","{차종} 신차렌트 견적 및 자동차리스 견적 비교"
"ev9","EV9","EV9 신차렌트 가격비교 | 자동차리스 조건비교 | 행복한렌트몰","EV9 렌트와 리스를 알아보는 경우 월 이용금액뿐 아니라 계약기간과 만기 조건도 확인할 필요가 있습니다. EV9 장기렌트 및 리스의 초기비용과 월 비용을 함께 살펴볼 수 있습니다.","EV9 신차렌트 견적 및 자동차리스 이용조건","{차종} 신차렌트 가격비교 | 자동차리스 조건비교 | 행복한렌트몰","{차종} 렌트와 리스를 알아보는 경우 월 이용금액뿐 아니라 계약기간과 만기 조건도 확인할 필요가 있습니다. {차종} 장기렌트 및 리스의 초기비용과 월 비용을 함께 살펴볼 수 있습니다.","{차종} 신차렌트 견적 및 자동차리스 이용조건"
"filante","필랑트","필랑트 장기렌트카 견적비교 | 리스·할부 가격 견적 | 행복한렌트몰","필랑트 신차렌트 견적을 준비한다면 계약기간과 초기비용, 월 납입 조건을 함께 확인하는 것이 좋습니다. 필랑트 장기렌트 및 리스의 초기비용과 월 비용을 함께 살펴볼 수 있습니다.","필랑트 장기렌트카 가격 및 리스·할부 견적 확인","{차종} 장기렌트카 견적비교 | 리스·할부 가격 견적 | 행복한렌트몰","{차종} 신차렌트 견적을 준비한다면 계약기간과 초기비용, 월 납입 조건을 함께 확인하는 것이 좋습니다. {차종} 장기렌트 및 리스의 초기비용과 월 비용을 함께 살펴볼 수 있습니다.","{차종} 장기렌트카 가격 및 리스·할부 견적 확인"
"g70","G70","G70 장기렌트 견적·월비용 | 자동차리스 조건비교 | 행복한렌트몰","G70 신차장기렌트를 알아볼 때는 계약기간과 초기비용, 월 납입 조건을 함께 확인하는 것이 좋습니다. G70의 계약 방식별 비용과 이용조건을 확인하고 맞춤 견적을 살펴볼 수 있습니다.","G70 신차 장기렌트 조건과 자동차리스 이용조건","{차종} 장기렌트 견적·월비용 | 자동차리스 조건비교 | 행복한렌트몰","{차종} 신차장기렌트를 알아볼 때는 계약기간과 초기비용, 월 납입 조건을 함께 확인하는 것이 좋습니다. {차종}의 계약 방식별 비용과 이용조건을 확인하고 맞춤 견적을 살펴볼 수 있습니다.","{차종} 신차 장기렌트 조건과 자동차리스 이용조건"
"g80","G80","G80 신차렌트 월비용 비교 | 신차리스·할부 견적 | 행복한렌트몰","G80 렌트와 리스를 알아보는 경우 계약기간과 초기비용, 월 납입 조건을 함께 확인하는 것이 좋습니다. G80 장기렌트 및 리스의 초기비용과 월 비용을 함께 살펴볼 수 있습니다.","G80 신차렌트 이용조건과 자동차리스 견적 비교","{차종} 신차렌트 월비용 비교 | 신차리스·할부 견적 | 행복한렌트몰","{차종} 렌트와 리스를 알아보는 경우 계약기간과 초기비용, 월 납입 조건을 함께 확인하는 것이 좋습니다. {차종} 장기렌트 및 리스의 초기비용과 월 비용을 함께 살펴볼 수 있습니다.","{차종} 신차렌트 이용조건과 자동차리스 견적 비교"
"g90","G90","G90 신차렌트 가격비교 | 신차리스·할부 견적 | 행복한렌트몰","G90 신차장기렌트를 알아볼 때는 초기 납입 방식과 주행거리, 정비 포함 여부를 함께 살펴볼 수 있습니다. G90의 계약 방식별 비용과 이용조건을 확인하고 맞춤 견적을 살펴볼 수 있습니다.","G90 신차렌트 이용조건과 리스 가격조건 비교","{차종} 신차렌트 가격비교 | 신차리스·할부 견적 | 행복한렌트몰","{차종} 신차장기렌트를 알아볼 때는 초기 납입 방식과 주행거리, 정비 포함 여부를 함께 살펴볼 수 있습니다. {차종}의 계약 방식별 비용과 이용조건을 확인하고 맞춤 견적을 살펴볼 수 있습니다.","{차종} 신차렌트 이용조건과 리스 가격조건 비교"
"grandeur","그랜저","그랜저 신차 장기렌트 조건비교 | 신차리스·할부 견적 | 행복한렌트몰","그랜저 신차렌트 견적을 준비한다면 장기 이용 시 필요한 계약기간과 비용 항목을 먼저 정리해보세요. 그랜저 장기렌트와 자동차리스 견적을 비교해 자신에게 맞는 이용조건을 확인할 수 있습니다.","그랜저 장기렌트카 가격 및 리스·할부 조건 확인","{차종} 신차 장기렌트 조건비교 | 신차리스·할부 견적 | 행복한렌트몰","{차종} 신차렌트 견적을 준비한다면 장기 이용 시 필요한 계약기간과 비용 항목을 먼저 정리해보세요. {차종} 장기렌트와 자동차리스 견적을 비교해 자신에게 맞는 이용조건을 확인할 수 있습니다.","{차종} 장기렌트카 가격 및 리스·할부 조건 확인"
"grand-koleos","그랑 콜레오스","그랑 콜레오스 장기렌트 가격·조건 비교 | 신차리스 이용조건 | 행복한렌트몰","그랑 콜레오스 장기렌트카 가격을 살펴볼 때 계약기간과 초기비용, 월 납입 조건을 함께 확인하는 것이 좋습니다. 그랑 콜레오스의 월 이용조건과 계약 방식을 비교해 신차 이용 계획을 세울 수 있습니다.","그랑 콜레오스 장기렌트카 견적과 자동차리스 견적 비교","{차종} 장기렌트 가격·조건 비교 | 신차리스 이용조건 | 행복한렌트몰","{차종} 장기렌트카 가격을 살펴볼 때 계약기간과 초기비용, 월 납입 조건을 함께 확인하는 것이 좋습니다. {차종}의 월 이용조건과 계약 방식을 비교해 신차 이용 계획을 세울 수 있습니다.","{차종} 장기렌트카 견적과 자동차리스 견적 비교"
"gv60","GV60","GV60 신차렌트 가격비교 | 자동차리스 견적 비교 | 행복한렌트몰","GV60 신차 계약 방식을 비교한다면 초기비용 부담과 월 이용료 산정 조건을 나누어 살펴보는 것이 좋습니다. GV60을 신차로 이용할 때 필요한 계약조건과 비용 기준을 확인할 수 있습니다.","GV60 신차 장기렌트 조건과 신차리스 견적 비교","{차종} 신차렌트 가격비교 | 자동차리스 견적 비교 | 행복한렌트몰","{차종} 신차 계약 방식을 비교한다면 초기비용 부담과 월 이용료 산정 조건을 나누어 살펴보는 것이 좋습니다. {차종}을 신차로 이용할 때 필요한 계약조건과 비용 기준을 확인할 수 있습니다.","{차종} 신차 장기렌트 조건과 신차리스 견적 비교"
"gv70","GV70","GV70 신차렌트 가격비교 | 리스 가격·계약조건 | 행복한렌트몰","GV70을 장기간 이용할 계획이라면 계약기간에 따른 비용 차이와 초기 납입 조건을 비교하는 것이 중요합니다. GV70을 신차로 이용할 때 필요한 계약조건과 비용 기준을 확인할 수 있습니다.","GV70 장기렌트 계약조건과 리스·할부 견적 확인","{차종} 신차렌트 가격비교 | 리스 가격·계약조건 | 행복한렌트몰","{차종}을 장기간 이용할 계획이라면 계약기간에 따른 비용 차이와 초기 납입 조건을 비교하는 것이 중요합니다. {차종}을 신차로 이용할 때 필요한 계약조건과 비용 기준을 확인할 수 있습니다.","{차종} 장기렌트 계약조건과 리스·할부 견적 확인"
"gv80","GV80","GV80 장기렌트 가격·조건 비교 | 리스·할부 조건 확인 | 행복한렌트몰","GV80을 장기간 이용할 계획이라면 신차 이용기간과 주행거리 기준에 따라 달라지는 조건을 비교할 수 있습니다. GV80 계약 전에 렌트와 리스의 조건 차이를 확인하고 견적을 비교해보세요.","GV80 신차렌트 이용조건과 자동차리스 비용 비교","{차종} 장기렌트 가격·조건 비교 | 리스·할부 조건 확인 | 행복한렌트몰","{차종}을 장기간 이용할 계획이라면 신차 이용기간과 주행거리 기준에 따라 달라지는 조건을 비교할 수 있습니다. {차종} 계약 전에 렌트와 리스의 조건 차이를 확인하고 견적을 비교해보세요.","{차종} 신차렌트 이용조건과 자동차리스 비용 비교"
"ioniq5","아이오닉5","아이오닉5 신차렌트 월비용 비교 | 리스·할부 조건 확인 | 행복한렌트몰","아이오닉5 장기렌트카 가격을 살펴볼 때 계약기간에 따른 비용 차이와 초기 납입 조건을 비교하는 것이 중요합니다. 아이오닉5 이용 목적에 맞춰 렌트·리스·할부 조건과 견적 내용을 확인할 수 있습니다.","아이오닉5 신차장기렌트 가격과 리스·할부 조건 확인","{차종} 신차렌트 월비용 비교 | 리스·할부 조건 확인 | 행복한렌트몰","{차종} 장기렌트카 가격을 살펴볼 때 계약기간에 따른 비용 차이와 초기 납입 조건을 비교하는 것이 중요합니다. {차종} 이용 목적에 맞춰 렌트·리스·할부 조건과 견적 내용을 확인할 수 있습니다.","{차종} 신차장기렌트 가격과 리스·할부 조건 확인"
"ioniq6","아이오닉6","아이오닉6 신차장기렌트 견적 | 신차리스 이용조건 | 행복한렌트몰","아이오닉6 신차 계약 방식을 비교한다면 렌트와 리스의 비용 구조 및 계약 조건 차이를 함께 확인할 수 있습니다. 아이오닉6 신차렌트·리스·할부의 차이를 살펴보고 필요한 견적을 비교해볼 수 있습니다.","아이오닉6 장기렌트 계약조건과 신차리스 견적 비교","{차종} 신차장기렌트 견적 | 신차리스 이용조건 | 행복한렌트몰","{차종} 신차 계약 방식을 비교한다면 렌트와 리스의 비용 구조 및 계약 조건 차이를 함께 확인할 수 있습니다. {차종} 신차렌트·리스·할부의 차이를 살펴보고 필요한 견적을 비교해볼 수 있습니다.","{차종} 장기렌트 계약조건과 신차리스 견적 비교"
"ioniq9","아이오닉9","아이오닉9 장기렌트 가격·조건 비교 | 리스 가격·계약조건 | 행복한렌트몰","아이오닉9 장기 이용조건을 비교할 때는 월 이용금액뿐 아니라 계약기간과 만기 조건도 확인할 필요가 있습니다. 아이오닉9의 월 이용조건과 계약 방식을 비교해 신차 이용 계획을 세울 수 있습니다.","아이오닉9 장기렌트카 견적과 자동차리스 견적 비교","{차종} 장기렌트 가격·조건 비교 | 리스 가격·계약조건 | 행복한렌트몰","{차종} 장기 이용조건을 비교할 때는 월 이용금액뿐 아니라 계약기간과 만기 조건도 확인할 필요가 있습니다. {차종}의 월 이용조건과 계약 방식을 비교해 신차 이용 계획을 세울 수 있습니다.","{차종} 장기렌트카 견적과 자동차리스 견적 비교"
"k5","K5","K5 신차장기렌트 견적 | 자동차리스 조건비교 | 행복한렌트몰","K5 신차렌트 견적을 준비한다면 계약기간에 따른 비용 차이와 초기 납입 조건을 비교하는 것이 중요합니다. K5을 신차로 이용할 때 필요한 계약조건과 비용 기준을 확인할 수 있습니다.","K5 신차렌트 견적 및 신차리스 견적 비교","{차종} 신차장기렌트 견적 | 자동차리스 조건비교 | 행복한렌트몰","{차종} 신차렌트 견적을 준비한다면 계약기간에 따른 비용 차이와 초기 납입 조건을 비교하는 것이 중요합니다. {차종}을 신차로 이용할 때 필요한 계약조건과 비용 기준을 확인할 수 있습니다.","{차종} 신차렌트 견적 및 신차리스 견적 비교"
"k8","K8","K8 장기렌트카 견적비교 | 자동차리스 조건비교 | 행복한렌트몰","K8 신차 계약 방식을 비교한다면 월 납입금과 보증금, 계약 종료 시 조건까지 함께 확인해보세요. K8 계약 전에 렌트와 리스의 조건 차이를 확인하고 견적을 비교해보세요.","K8 장기렌트카 견적과 리스 가격조건 비교","{차종} 장기렌트카 견적비교 | 자동차리스 조건비교 | 행복한렌트몰","{차종} 신차 계약 방식을 비교한다면 월 납입금과 보증금, 계약 종료 시 조건까지 함께 확인해보세요. {차종} 계약 전에 렌트와 리스의 조건 차이를 확인하고 견적을 비교해보세요.","{차종} 장기렌트카 견적과 리스 가격조건 비교"
"kona","코나","코나 장기렌트 가격·조건 비교 | 리스·할부 조건 확인 | 행복한렌트몰","코나 렌트와 리스를 알아보는 경우 월 이용금액뿐 아니라 계약기간과 만기 조건도 확인할 필요가 있습니다. 코나의 월 이용조건과 계약 방식을 비교해 신차 이용 계획을 세울 수 있습니다.","코나 신차장기렌트 가격과 자동차리스 견적 비교","{차종} 장기렌트 가격·조건 비교 | 리스·할부 조건 확인 | 행복한렌트몰","{차종} 렌트와 리스를 알아보는 경우 월 이용금액뿐 아니라 계약기간과 만기 조건도 확인할 필요가 있습니다. {차종}의 월 이용조건과 계약 방식을 비교해 신차 이용 계획을 세울 수 있습니다.","{차종} 신차장기렌트 가격과 자동차리스 견적 비교"
"korando","코란도","코란도 장기렌트 견적·월비용 | 리스 월비용·할부 비교 | 행복한렌트몰","코란도 장기렌트 견적을 비교한다면 초기비용 부담과 월 이용료 산정 조건을 나누어 살펴보는 것이 좋습니다. 코란도 장기렌트카와 신차리스의 주요 조건을 한곳에서 비교할 수 있습니다.","코란도 신차렌트 이용조건과 리스·할부 견적 확인","{차종} 장기렌트 견적·월비용 | 리스 월비용·할부 비교 | 행복한렌트몰","{차종} 장기렌트 견적을 비교한다면 초기비용 부담과 월 이용료 산정 조건을 나누어 살펴보는 것이 좋습니다. {차종} 장기렌트카와 신차리스의 주요 조건을 한곳에서 비교할 수 있습니다.","{차종} 신차렌트 이용조건과 리스·할부 견적 확인"
"lexus-es","렉서스 ES","렉서스 ES 장기렌트카 견적비교 | 자동차리스 견적 비교 | 행복한렌트몰","렉서스 ES 신차 이용 견적을 확인하기 전 계약기간에 따른 비용 차이와 초기 납입 조건을 비교하는 것이 중요합니다. 렉서스 ES의 계약 방식별 비용과 이용조건을 확인하고 맞춤 견적을 살펴볼 수 있습니다.","렉서스 ES 장기렌트 월비용과 신차리스 가격 비교","{차종} 장기렌트카 견적비교 | 자동차리스 견적 비교 | 행복한렌트몰","{차종} 신차 이용 견적을 확인하기 전 계약기간에 따른 비용 차이와 초기 납입 조건을 비교하는 것이 중요합니다. {차종}의 계약 방식별 비용과 이용조건을 확인하고 맞춤 견적을 살펴볼 수 있습니다.","{차종} 장기렌트 월비용과 신차리스 가격 비교"
"morning","모닝","모닝 장기렌트카 견적비교 | 리스·할부 조건 확인 | 행복한렌트몰","모닝 장기 이용조건을 비교할 때는 신차 이용기간과 주행거리 기준에 따라 달라지는 조건을 비교할 수 있습니다. 모닝 장기렌트카와 신차리스의 주요 조건을 한곳에서 비교할 수 있습니다.","모닝 장기렌트 월비용과 자동차리스 견적 비교","{차종} 장기렌트카 견적비교 | 리스·할부 조건 확인 | 행복한렌트몰","{차종} 장기 이용조건을 비교할 때는 신차 이용기간과 주행거리 기준에 따라 달라지는 조건을 비교할 수 있습니다. {차종} 장기렌트카와 신차리스의 주요 조건을 한곳에서 비교할 수 있습니다.","{차종} 장기렌트 월비용과 자동차리스 견적 비교"
"musso-khan","무쏘 칸","무쏘 칸 장기렌트카 가격 확인 | 자동차리스 견적 비교 | 행복한렌트몰","무쏘 칸 장기렌트 견적을 비교한다면 초기 납입 방식과 주행거리, 정비 포함 여부를 함께 살펴볼 수 있습니다. 무쏘 칸 장기렌트와 자동차리스 견적을 비교해 자신에게 맞는 이용조건을 확인할 수 있습니다.","무쏘 칸 신차렌트 이용조건과 자동차리스 견적 비교","{차종} 장기렌트카 가격 확인 | 자동차리스 견적 비교 | 행복한렌트몰","{차종} 장기렌트 견적을 비교한다면 초기 납입 방식과 주행거리, 정비 포함 여부를 함께 살펴볼 수 있습니다. {차종} 장기렌트와 자동차리스 견적을 비교해 자신에게 맞는 이용조건을 확인할 수 있습니다.","{차종} 신차렌트 이용조건과 자동차리스 견적 비교"
"musso-sports","무쏘 스포츠","무쏘 스포츠 장기렌트카 이용조건 | 리스·할부 조건 확인 | 행복한렌트몰","무쏘 스포츠 신차 이용 견적을 확인하기 전 초기 납입 방식과 주행거리, 정비 포함 여부를 함께 살펴볼 수 있습니다. 무쏘 스포츠의 계약 방식별 비용과 이용조건을 확인하고 맞춤 견적을 살펴볼 수 있습니다.","무쏘 스포츠 신차장기렌트 가격과 자동차리스 견적 비교","{차종} 장기렌트카 이용조건 | 리스·할부 조건 확인 | 행복한렌트몰","{차종} 신차 이용 견적을 확인하기 전 초기 납입 방식과 주행거리, 정비 포함 여부를 함께 살펴볼 수 있습니다. {차종}의 계약 방식별 비용과 이용조건을 확인하고 맞춤 견적을 살펴볼 수 있습니다.","{차종} 신차장기렌트 가격과 자동차리스 견적 비교"
"niro","니로","니로 신차 장기렌트 조건비교 | 신차리스 가격비교 | 행복한렌트몰","니로 신차장기렌트를 알아볼 때는 보증금과 선납금 여부, 연간 주행거리 조건을 함께 비교해보세요. 니로 장기렌트 및 리스의 초기비용과 월 비용을 함께 살펴볼 수 있습니다.","니로 신차 장기렌트 조건과 자동차리스 견적 비교","{차종} 신차 장기렌트 조건비교 | 신차리스 가격비교 | 행복한렌트몰","{차종} 신차장기렌트를 알아볼 때는 보증금과 선납금 여부, 연간 주행거리 조건을 함께 비교해보세요. {차종} 장기렌트 및 리스의 초기비용과 월 비용을 함께 살펴볼 수 있습니다.","{차종} 신차 장기렌트 조건과 자동차리스 견적 비교"
"palisade","팰리세이드","팰리세이드 장기렌트 견적·월비용 | 리스 월비용·할부 비교 | 행복한렌트몰","팰리세이드 장기렌트 견적을 비교한다면 월 이용금액뿐 아니라 계약기간과 만기 조건도 확인할 필요가 있습니다. 팰리세이드의 월 이용조건과 계약 방식을 비교해 신차 이용 계획을 세울 수 있습니다.","팰리세이드 신차렌트 이용조건과 자동차리스 이용조건","{차종} 장기렌트 견적·월비용 | 리스 월비용·할부 비교 | 행복한렌트몰","{차종} 장기렌트 견적을 비교한다면 월 이용금액뿐 아니라 계약기간과 만기 조건도 확인할 필요가 있습니다. {차종}의 월 이용조건과 계약 방식을 비교해 신차 이용 계획을 세울 수 있습니다.","{차종} 신차렌트 이용조건과 자동차리스 이용조건"
"qm6","QM6","QM6 신차 장기렌트 조건비교 | 리스 가격·계약조건 | 행복한렌트몰","QM6 신차렌트 견적을 준비한다면 월 이용금액뿐 아니라 계약기간과 만기 조건도 확인할 필요가 있습니다. QM6의 계약 방식별 비용과 이용조건을 확인하고 맞춤 견적을 살펴볼 수 있습니다.","QM6 장기렌트 계약조건과 자동차리스 이용조건","{차종} 신차 장기렌트 조건비교 | 리스 가격·계약조건 | 행복한렌트몰","{차종} 신차렌트 견적을 준비한다면 월 이용금액뿐 아니라 계약기간과 만기 조건도 확인할 필요가 있습니다. {차종}의 계약 방식별 비용과 이용조건을 확인하고 맞춤 견적을 살펴볼 수 있습니다.","{차종} 장기렌트 계약조건과 자동차리스 이용조건"
"ray","레이","레이 신차장기렌트 견적 | 리스 가격·계약조건 | 행복한렌트몰","레이 장기렌트카 가격을 살펴볼 때 보증금과 선납금 여부, 연간 주행거리 조건을 함께 비교해보세요. 레이 장기렌트 및 리스의 초기비용과 월 비용을 함께 살펴볼 수 있습니다.","레이 신차장기렌트 가격과 리스·할부 견적 확인","{차종} 신차장기렌트 견적 | 리스 가격·계약조건 | 행복한렌트몰","{차종} 장기렌트카 가격을 살펴볼 때 보증금과 선납금 여부, 연간 주행거리 조건을 함께 비교해보세요. {차종} 장기렌트 및 리스의 초기비용과 월 비용을 함께 살펴볼 수 있습니다.","{차종} 신차장기렌트 가격과 리스·할부 견적 확인"
"rexton","렉스턴","렉스턴 신차렌트 월비용 비교 | 신차리스·할부 견적 | 행복한렌트몰","렉스턴 장기렌트카 가격을 살펴볼 때 월 이용금액뿐 아니라 계약기간과 만기 조건도 확인할 필요가 있습니다. 렉스턴 장기렌트 및 리스의 초기비용과 월 비용을 함께 살펴볼 수 있습니다.","렉스턴 신차렌트 견적 및 신차리스 가격 비교","{차종} 신차렌트 월비용 비교 | 신차리스·할부 견적 | 행복한렌트몰","{차종} 장기렌트카 가격을 살펴볼 때 월 이용금액뿐 아니라 계약기간과 만기 조건도 확인할 필요가 있습니다. {차종} 장기렌트 및 리스의 초기비용과 월 비용을 함께 살펴볼 수 있습니다.","{차종} 신차렌트 견적 및 신차리스 가격 비교"
"santafe","싼타페","싼타페 신차 장기렌트 조건비교 | 자동차리스 견적 비교 | 행복한렌트몰","싼타페 장기 이용조건을 비교할 때는 장기 이용 시 필요한 계약기간과 비용 항목을 먼저 정리해보세요. 싼타페 신차렌트·리스·할부의 차이를 살펴보고 필요한 견적을 비교해볼 수 있습니다.","싼타페 신차장기렌트 가격과 자동차리스 이용조건","{차종} 신차 장기렌트 조건비교 | 자동차리스 견적 비교 | 행복한렌트몰","{차종} 장기 이용조건을 비교할 때는 장기 이용 시 필요한 계약기간과 비용 항목을 먼저 정리해보세요. {차종} 신차렌트·리스·할부의 차이를 살펴보고 필요한 견적을 비교해볼 수 있습니다.","{차종} 신차장기렌트 가격과 자동차리스 이용조건"
"scenic-e-tech","세닉 E-Tech","세닉 E-Tech 신차렌트 가격비교 | 리스·할부 조건 확인 | 행복한렌트몰","세닉 E-Tech 신차렌트 조건을 확인할 때는 신차 이용기간과 주행거리 기준에 따라 달라지는 조건을 비교할 수 있습니다. 세닉 E-Tech 장기렌트 및 리스의 초기비용과 월 비용을 함께 살펴볼 수 있습니다.","세닉 E-Tech 신차렌트 견적 및 리스·할부 견적 확인","{차종} 신차렌트 가격비교 | 리스·할부 조건 확인 | 행복한렌트몰","{차종} 신차렌트 조건을 확인할 때는 신차 이용기간과 주행거리 기준에 따라 달라지는 조건을 비교할 수 있습니다. {차종} 장기렌트 및 리스의 초기비용과 월 비용을 함께 살펴볼 수 있습니다.","{차종} 신차렌트 견적 및 리스·할부 견적 확인"
"seltos","셀토스","셀토스 신차 장기렌트 조건비교 | 자동차리스·할부 견적 | 행복한렌트몰","셀토스 신차렌트 견적을 준비한다면 계약기간에 따른 비용 차이와 초기 납입 조건을 비교하는 것이 중요합니다. 셀토스의 월 이용조건과 계약 방식을 비교해 신차 이용 계획을 세울 수 있습니다.","셀토스 신차 장기렌트 조건과 리스 가격조건 비교","{차종} 신차 장기렌트 조건비교 | 자동차리스·할부 견적 | 행복한렌트몰","{차종} 신차렌트 견적을 준비한다면 계약기간에 따른 비용 차이와 초기 납입 조건을 비교하는 것이 중요합니다. {차종}의 월 이용조건과 계약 방식을 비교해 신차 이용 계획을 세울 수 있습니다.","{차종} 신차 장기렌트 조건과 리스 가격조건 비교"
"sonata","쏘나타","쏘나타 장기렌트 가격·조건 비교 | 리스 가격·계약조건 | 행복한렌트몰","쏘나타 신차장기렌트를 알아볼 때는 계약기간과 초기비용, 월 납입 조건을 함께 확인하는 것이 좋습니다. 쏘나타 신차 이용 시 필요한 주요 계약 항목과 견적 조건을 비교할 수 있습니다.","쏘나타 신차렌트 견적 및 신차리스 가격 비교","{차종} 장기렌트 가격·조건 비교 | 리스 가격·계약조건 | 행복한렌트몰","{차종} 신차장기렌트를 알아볼 때는 계약기간과 초기비용, 월 납입 조건을 함께 확인하는 것이 좋습니다. {차종} 신차 이용 시 필요한 주요 계약 항목과 견적 조건을 비교할 수 있습니다.","{차종} 신차렌트 견적 및 신차리스 가격 비교"
"sorento","쏘렌토","쏘렌토 장기렌트 가격·조건 비교 | 리스·할부 가격 견적 | 행복한렌트몰","쏘렌토 장기 이용조건을 비교할 때는 신차 이용기간과 주행거리 기준에 따라 달라지는 조건을 비교할 수 있습니다. 쏘렌토의 월 이용조건과 계약 방식을 비교해 신차 이용 계획을 세울 수 있습니다.","쏘렌토 장기렌트 월비용과 신차리스 가격 비교","{차종} 장기렌트 가격·조건 비교 | 리스·할부 가격 견적 | 행복한렌트몰","{차종} 장기 이용조건을 비교할 때는 신차 이용기간과 주행거리 기준에 따라 달라지는 조건을 비교할 수 있습니다. {차종}의 월 이용조건과 계약 방식을 비교해 신차 이용 계획을 세울 수 있습니다.","{차종} 장기렌트 월비용과 신차리스 가격 비교"
"sportage","스포티지","스포티지 장기렌트카 견적비교 | 리스·할부 가격 견적 | 행복한렌트몰","스포티지 신차 이용 견적을 확인하기 전 렌트와 리스의 비용 구조 및 계약 조건 차이를 함께 확인할 수 있습니다. 스포티지 신차 이용 시 필요한 주요 계약 항목과 견적 조건을 비교할 수 있습니다.","스포티지 장기렌트카 견적과 리스·할부 조건 확인","{차종} 장기렌트카 견적비교 | 리스·할부 가격 견적 | 행복한렌트몰","{차종} 신차 이용 견적을 확인하기 전 렌트와 리스의 비용 구조 및 계약 조건 차이를 함께 확인할 수 있습니다. {차종} 신차 이용 시 필요한 주요 계약 항목과 견적 조건을 비교할 수 있습니다.","{차종} 장기렌트카 견적과 리스·할부 조건 확인"
"staria","스타리아","스타리아 장기렌트카 가격 확인 | 신차리스 가격비교 | 행복한렌트몰","스타리아 렌트와 리스를 알아보는 경우 렌트와 리스의 비용 구조 및 계약 조건 차이를 함께 확인할 수 있습니다. 스타리아 장기렌트카와 신차리스의 주요 조건을 한곳에서 비교할 수 있습니다.","스타리아 신차장기렌트 가격과 리스 가격조건 비교","{차종} 장기렌트카 가격 확인 | 신차리스 가격비교 | 행복한렌트몰","{차종} 렌트와 리스를 알아보는 경우 렌트와 리스의 비용 구조 및 계약 조건 차이를 함께 확인할 수 있습니다. {차종} 장기렌트카와 신차리스의 주요 조건을 한곳에서 비교할 수 있습니다.","{차종} 신차장기렌트 가격과 리스 가격조건 비교"
"tesla-model-3","테슬라 모델3","테슬라 모델3 장기렌트 가격·조건 비교 | 리스·할부 가격 견적 | 행복한렌트몰","테슬라 모델3 장기 이용조건을 비교할 때는 신차 이용기간과 주행거리 기준에 따라 달라지는 조건을 비교할 수 있습니다. 테슬라 모델3의 계약 방식별 비용과 이용조건을 확인하고 맞춤 견적을 살펴볼 수 있습니다.","테슬라 모델3 신차 장기렌트 조건과 리스 가격조건 비교","{차종} 장기렌트 가격·조건 비교 | 리스·할부 가격 견적 | 행복한렌트몰","{차종} 장기 이용조건을 비교할 때는 신차 이용기간과 주행거리 기준에 따라 달라지는 조건을 비교할 수 있습니다. {차종}의 계약 방식별 비용과 이용조건을 확인하고 맞춤 견적을 살펴볼 수 있습니다.","{차종} 신차 장기렌트 조건과 리스 가격조건 비교"
"tesla-model-y","테슬라 모델Y","테슬라 모델Y 신차 장기렌트 조건비교 | 자동차리스 견적 비교 | 행복한렌트몰","테슬라 모델Y 신차렌트 견적을 준비한다면 렌트와 리스의 비용 구조 및 계약 조건 차이를 함께 확인할 수 있습니다. 테슬라 모델Y 장기렌트와 자동차리스 견적을 비교해 자신에게 맞는 이용조건을 확인할 수 있습니다.","테슬라 모델Y 신차장기렌트 가격과 자동차리스 견적 비교","{차종} 신차 장기렌트 조건비교 | 자동차리스 견적 비교 | 행복한렌트몰","{차종} 신차렌트 견적을 준비한다면 렌트와 리스의 비용 구조 및 계약 조건 차이를 함께 확인할 수 있습니다. {차종} 장기렌트와 자동차리스 견적을 비교해 자신에게 맞는 이용조건을 확인할 수 있습니다.","{차종} 신차장기렌트 가격과 자동차리스 견적 비교"
"torres","토레스","토레스 장기렌트 가격·조건 비교 | 자동차리스 조건비교 | 행복한렌트몰","토레스 신차장기렌트를 알아볼 때는 신차 이용기간과 주행거리 기준에 따라 달라지는 조건을 비교할 수 있습니다. 토레스 장기렌트 및 리스의 초기비용과 월 비용을 함께 살펴볼 수 있습니다.","토레스 신차렌트 견적 및 자동차리스 비용 비교","{차종} 장기렌트 가격·조건 비교 | 자동차리스 조건비교 | 행복한렌트몰","{차종} 신차장기렌트를 알아볼 때는 신차 이용기간과 주행거리 기준에 따라 달라지는 조건을 비교할 수 있습니다. {차종} 장기렌트 및 리스의 초기비용과 월 비용을 함께 살펴볼 수 있습니다.","{차종} 신차렌트 견적 및 자동차리스 비용 비교"
"torres-evx","토레스 EVX","토레스 EVX 장기렌트카 가격 확인 | 리스·할부 가격 견적 | 행복한렌트몰","토레스 EVX을 장기간 이용할 계획이라면 초기비용 부담과 월 이용료 산정 조건을 나누어 살펴보는 것이 좋습니다. 토레스 EVX 장기렌트카와 신차리스의 주요 조건을 한곳에서 비교할 수 있습니다.","토레스 EVX 장기렌트카 견적과 리스 가격조건 비교","{차종} 장기렌트카 가격 확인 | 리스·할부 가격 견적 | 행복한렌트몰","{차종}을 장기간 이용할 계획이라면 초기비용 부담과 월 이용료 산정 조건을 나누어 살펴보는 것이 좋습니다. {차종} 장기렌트카와 신차리스의 주요 조건을 한곳에서 비교할 수 있습니다.","{차종} 장기렌트카 견적과 리스 가격조건 비교"
"tucson","투싼","투싼 신차 장기렌트 조건비교 | 신차리스 가격비교 | 행복한렌트몰","투싼 신차렌트 조건을 확인할 때는 장기 이용 시 필요한 계약기간과 비용 항목을 먼저 정리해보세요. 투싼의 계약 방식별 비용과 이용조건을 확인하고 맞춤 견적을 살펴볼 수 있습니다.","투싼 장기렌트 월비용과 리스 가격조건 비교","{차종} 신차 장기렌트 조건비교 | 신차리스 가격비교 | 행복한렌트몰","{차종} 신차렌트 조건을 확인할 때는 장기 이용 시 필요한 계약기간과 비용 항목을 먼저 정리해보세요. {차종}의 계약 방식별 비용과 이용조건을 확인하고 맞춤 견적을 살펴볼 수 있습니다.","{차종} 장기렌트 월비용과 리스 가격조건 비교"
"volvo-xc60","볼보 XC60","볼보 XC60 장기렌트카 이용조건 | 자동차리스 조건비교 | 행복한렌트몰","볼보 XC60 렌트와 리스를 알아보는 경우 월 이용금액뿐 아니라 계약기간과 만기 조건도 확인할 필요가 있습니다. 볼보 XC60의 계약 방식별 비용과 이용조건을 확인하고 맞춤 견적을 살펴볼 수 있습니다.","볼보 XC60 신차렌트 견적 및 자동차리스 견적 비교","{차종} 장기렌트카 이용조건 | 자동차리스 조건비교 | 행복한렌트몰","{차종} 렌트와 리스를 알아보는 경우 월 이용금액뿐 아니라 계약기간과 만기 조건도 확인할 필요가 있습니다. {차종}의 계약 방식별 비용과 이용조건을 확인하고 맞춤 견적을 살펴볼 수 있습니다.","{차종} 신차렌트 견적 및 자동차리스 견적 비교"
