"Slug","Section"
"actyon","<section class=""model-seo-section"" id=""model-info"">
  <div class=""container"">
    <div class=""model-seo-box"">

      <span class=""model-seo-brand"">KG모빌리티</span>

      <h2>액티언 장기렌트·자동차리스 비교</h2>

      <p>
        일상 주행부터 가족 이동과 레저 활용까지 폭넓게 고려할 수 있는 SUV 차종입니다.
      </p>

      <p>
        액티언 견적은 계약기간, 보증금과 선납금 여부,
        연간 주행거리, 정비 포함 여부와 이용 조건에 따라 달라질 수 있습니다.
        한 가지 조건만 확인하기보다 여러 계약 조건을 함께 비교해 자신에게 맞는 방식을 확인하는 것이 좋습니다.
      </p>

      <div class=""model-seo-points"">
        <span>계약기간 비교</span>
        <span>초기비용 확인</span>
        <span>연간 주행거리</span>
        <span>렌트·리스 비교</span>
      </div>

    </div>
  </div>
</section>"
"arkana","<section class=""model-seo-section"" id=""model-info"">
  <div class=""container"">
    <div class=""model-seo-box"">

      <span class=""model-seo-brand"">르노코리아</span>

      <h2>아르카나 장기렌트·자동차리스 비교</h2>

      <p>
        일상 주행부터 가족 이동과 레저 활용까지 폭넓게 고려할 수 있는 SUV 차종입니다.
      </p>

      <p>
        아르카나 견적은 계약기간, 보증금과 선납금 여부,
        연간 주행거리, 정비 포함 여부와 이용 조건에 따라 달라질 수 있습니다.
        한 가지 조건만 확인하기보다 여러 계약 조건을 함께 비교해 자신에게 맞는 방식을 확인하는 것이 좋습니다.
      </p>

      <div class=""model-seo-points"">
        <span>계약기간 비교</span>
        <span>초기비용 확인</span>
        <span>연간 주행거리</span>
        <span>렌트·리스 비교</span>
      </div>

    </div>
  </div>
</section>"
"audi-a6","<section class=""model-seo-section"" id=""model-info"">
  <div class=""container"">
    <div class=""model-seo-box"">

      <span class=""model-seo-brand"">아우디</span>

      <h2>아우디 A6 장기렌트·자동차리스 비교</h2>

      <p>
        개인 이용과 법인 차량을 함께 고려할 수 있는 프리미엄 차종입니다.
      </p>

      <p>
        아우디 A6 견적은 계약기간, 보증금과 선납금 여부,
        연간 주행거리, 정비 포함 여부와 이용 조건에 따라 달라질 수 있습니다.
        한 가지 조건만 확인하기보다 여러 계약 조건을 함께 비교해 자신에게 맞는 방식을 확인하는 것이 좋습니다.
      </p>

      <div class=""model-seo-points"">
        <span>계약기간 비교</span>
        <span>초기비용 확인</span>
        <span>연간 주행거리</span>
        <span>렌트·리스 비교</span>
      </div>

    </div>
  </div>
</section>"
"avante","<section class=""model-seo-section"" id=""model-info"">
  <div class=""container"">
    <div class=""model-seo-box"">

      <span class=""model-seo-brand"">현대</span>

      <h2>아반떼 장기렌트·자동차리스 비교</h2>

      <p>
        출퇴근과 일상 주행, 업무용 차량까지 폭넓게 비교할 수 있는 세단 차종입니다.
      </p>

      <p>
        아반떼 견적은 계약기간, 보증금과 선납금 여부,
        연간 주행거리, 정비 포함 여부와 이용 조건에 따라 달라질 수 있습니다.
        한 가지 조건만 확인하기보다 여러 계약 조건을 함께 비교해 자신에게 맞는 방식을 확인하는 것이 좋습니다.
      </p>

      <div class=""model-seo-points"">
        <span>계약기간 비교</span>
        <span>초기비용 확인</span>
        <span>연간 주행거리</span>
        <span>렌트·리스 비교</span>
      </div>

    </div>
  </div>
</section>"
"benz-e-class","<section class=""model-seo-section"" id=""model-info"">
  <div class=""container"">
    <div class=""model-seo-box"">

      <span class=""model-seo-brand"">벤츠</span>

      <h2>벤츠 E클래스 장기렌트·자동차리스 비교</h2>

      <p>
        개인 이용과 법인 차량을 함께 고려할 수 있는 프리미엄 차종입니다.
      </p>

      <p>
        벤츠 E클래스 견적은 계약기간, 보증금과 선납금 여부,
        연간 주행거리, 정비 포함 여부와 이용 조건에 따라 달라질 수 있습니다.
        한 가지 조건만 확인하기보다 여러 계약 조건을 함께 비교해 자신에게 맞는 방식을 확인하는 것이 좋습니다.
      </p>

      <div class=""model-seo-points"">
        <span>계약기간 비교</span>
        <span>초기비용 확인</span>
        <span>연간 주행거리</span>
        <span>렌트·리스 비교</span>
      </div>

    </div>
  </div>
</section>"
"benz-glc","<section class=""model-seo-section"" id=""model-info"">
  <div class=""container"">
    <div class=""model-seo-box"">

      <span class=""model-seo-brand"">벤츠</span>

      <h2>벤츠 GLC 장기렌트·자동차리스 비교</h2>

      <p>
        프리미엄 사양과 SUV 공간 활용성을 함께 원하는 고객이 비교하기 좋은 차종입니다.
      </p>

      <p>
        벤츠 GLC 견적은 계약기간, 보증금과 선납금 여부,
        연간 주행거리, 정비 포함 여부와 이용 조건에 따라 달라질 수 있습니다.
        한 가지 조건만 확인하기보다 여러 계약 조건을 함께 비교해 자신에게 맞는 방식을 확인하는 것이 좋습니다.
      </p>

      <div class=""model-seo-points"">
        <span>계약기간 비교</span>
        <span>초기비용 확인</span>
        <span>연간 주행거리</span>
        <span>렌트·리스 비교</span>
      </div>

    </div>
  </div>
</section>"
"bmw-5-series","<section class=""model-seo-section"" id=""model-info"">
  <div class=""container"">
    <div class=""model-seo-box"">

      <span class=""model-seo-brand"">BMW</span>

      <h2>BMW 5시리즈 장기렌트·자동차리스 비교</h2>

      <p>
        개인 이용과 법인 차량을 함께 고려할 수 있는 프리미엄 차종입니다.
      </p>

      <p>
        BMW 5시리즈 견적은 계약기간, 보증금과 선납금 여부,
        연간 주행거리, 정비 포함 여부와 이용 조건에 따라 달라질 수 있습니다.
        한 가지 조건만 확인하기보다 여러 계약 조건을 함께 비교해 자신에게 맞는 방식을 확인하는 것이 좋습니다.
      </p>

      <div class=""model-seo-points"">
        <span>계약기간 비교</span>
        <span>초기비용 확인</span>
        <span>연간 주행거리</span>
        <span>렌트·리스 비교</span>
      </div>

    </div>
  </div>
</section>"
"bmw-x3","<section class=""model-seo-section"" id=""model-info"">
  <div class=""container"">
    <div class=""model-seo-box"">

      <span class=""model-seo-brand"">BMW</span>

      <h2>BMW X3 장기렌트·자동차리스 비교</h2>

      <p>
        프리미엄 사양과 SUV 공간 활용성을 함께 원하는 고객이 비교하기 좋은 차종입니다.
      </p>

      <p>
        BMW X3 견적은 계약기간, 보증금과 선납금 여부,
        연간 주행거리, 정비 포함 여부와 이용 조건에 따라 달라질 수 있습니다.
        한 가지 조건만 확인하기보다 여러 계약 조건을 함께 비교해 자신에게 맞는 방식을 확인하는 것이 좋습니다.
      </p>

      <div class=""model-seo-points"">
        <span>계약기간 비교</span>
        <span>초기비용 확인</span>
        <span>연간 주행거리</span>
        <span>렌트·리스 비교</span>
      </div>

    </div>
  </div>
</section>"
"carnival","<section class=""model-seo-section"" id=""model-info"">
  <div class=""container"">
    <div class=""model-seo-box"">

      <span class=""model-seo-brand"">기아</span>

      <h2>카니발 장기렌트·자동차리스 비교</h2>

      <p>
        다인승 이동과 가족용, 업무용 차량을 함께 고려하기 좋은 차종입니다.
      </p>

      <p>
        카니발 견적은 계약기간, 보증금과 선납금 여부,
        연간 주행거리, 정비 포함 여부와 이용 조건에 따라 달라질 수 있습니다.
        한 가지 조건만 확인하기보다 여러 계약 조건을 함께 비교해 자신에게 맞는 방식을 확인하는 것이 좋습니다.
      </p>

      <div class=""model-seo-points"">
        <span>계약기간 비교</span>
        <span>초기비용 확인</span>
        <span>연간 주행거리</span>
        <span>렌트·리스 비교</span>
      </div>

    </div>
  </div>
</section>"
"casper","<section class=""model-seo-section"" id=""model-info"">
  <div class=""container"">
    <div class=""model-seo-box"">

      <span class=""model-seo-brand"">현대</span>

      <h2>캐스퍼 장기렌트·자동차리스 비교</h2>

      <p>
        도심 이동과 경제적인 차량 운용을 고려하는 고객이 비교하기 좋은 차종입니다.
      </p>

      <p>
        캐스퍼 견적은 계약기간, 보증금과 선납금 여부,
        연간 주행거리, 정비 포함 여부와 이용 조건에 따라 달라질 수 있습니다.
        한 가지 조건만 확인하기보다 여러 계약 조건을 함께 비교해 자신에게 맞는 방식을 확인하는 것이 좋습니다.
      </p>

      <div class=""model-seo-points"">
        <span>계약기간 비교</span>
        <span>초기비용 확인</span>
        <span>연간 주행거리</span>
        <span>렌트·리스 비교</span>
      </div>

    </div>
  </div>
</section>"
"ev3","<section class=""model-seo-section"" id=""model-info"">
  <div class=""container"">
    <div class=""model-seo-box"">

      <span class=""model-seo-brand"">기아</span>

      <h2>EV3 장기렌트·자동차리스 비교</h2>

      <p>
        전기차 특성과 계약 조건을 함께 살펴보며 장기 이용 비용을 비교할 수 있는 차종입니다.
      </p>

      <p>
        EV3 견적은 계약기간, 보증금과 선납금 여부,
        연간 주행거리, 정비 포함 여부와 이용 조건에 따라 달라질 수 있습니다.
        한 가지 조건만 확인하기보다 여러 계약 조건을 함께 비교해 자신에게 맞는 방식을 확인하는 것이 좋습니다.
      </p>

      <div class=""model-seo-points"">
        <span>계약기간 비교</span>
        <span>초기비용 확인</span>
        <span>연간 주행거리</span>
        <span>렌트·리스 비교</span>
      </div>

    </div>
  </div>
</section>"
"ev4","<section class=""model-seo-section"" id=""model-info"">
  <div class=""container"">
    <div class=""model-seo-box"">

      <span class=""model-seo-brand"">기아</span>

      <h2>EV4 장기렌트·자동차리스 비교</h2>

      <p>
        전기차 특성과 계약 조건을 함께 살펴보며 장기 이용 비용을 비교할 수 있는 차종입니다.
      </p>

      <p>
        EV4 견적은 계약기간, 보증금과 선납금 여부,
        연간 주행거리, 정비 포함 여부와 이용 조건에 따라 달라질 수 있습니다.
        한 가지 조건만 확인하기보다 여러 계약 조건을 함께 비교해 자신에게 맞는 방식을 확인하는 것이 좋습니다.
      </p>

      <div class=""model-seo-points"">
        <span>계약기간 비교</span>
        <span>초기비용 확인</span>
        <span>연간 주행거리</span>
        <span>렌트·리스 비교</span>
      </div>

    </div>
  </div>
</section>"
"ev5","<section class=""model-seo-section"" id=""model-info"">
  <div class=""container"">
    <div class=""model-seo-box"">

      <span class=""model-seo-brand"">기아</span>

      <h2>EV5 장기렌트·자동차리스 비교</h2>

      <p>
        전기차 특성과 계약 조건을 함께 살펴보며 장기 이용 비용을 비교할 수 있는 차종입니다.
      </p>

      <p>
        EV5 견적은 계약기간, 보증금과 선납금 여부,
        연간 주행거리, 정비 포함 여부와 이용 조건에 따라 달라질 수 있습니다.
        한 가지 조건만 확인하기보다 여러 계약 조건을 함께 비교해 자신에게 맞는 방식을 확인하는 것이 좋습니다.
      </p>

      <div class=""model-seo-points"">
        <span>계약기간 비교</span>
        <span>초기비용 확인</span>
        <span>연간 주행거리</span>
        <span>렌트·리스 비교</span>
      </div>

    </div>
  </div>
</section>"
"ev6","<section class=""model-seo-section"" id=""model-info"">
  <div class=""container"">
    <div class=""model-seo-box"">

      <span class=""model-seo-brand"">기아</span>

      <h2>EV6 장기렌트·자동차리스 비교</h2>

      <p>
        전기차 특성과 계약 조건을 함께 살펴보며 장기 이용 비용을 비교할 수 있는 차종입니다.
      </p>

      <p>
        EV6 견적은 계약기간, 보증금과 선납금 여부,
        연간 주행거리, 정비 포함 여부와 이용 조건에 따라 달라질 수 있습니다.
        한 가지 조건만 확인하기보다 여러 계약 조건을 함께 비교해 자신에게 맞는 방식을 확인하는 것이 좋습니다.
      </p>

      <div class=""model-seo-points"">
        <span>계약기간 비교</span>
        <span>초기비용 확인</span>
        <span>연간 주행거리</span>
        <span>렌트·리스 비교</span>
      </div>

    </div>
  </div>
</section>"
"ev9","<section class=""model-seo-section"" id=""model-info"">
  <div class=""container"">
    <div class=""model-seo-box"">

      <span class=""model-seo-brand"">기아</span>

      <h2>EV9 장기렌트·자동차리스 비교</h2>

      <p>
        전기차 특성과 계약 조건을 함께 살펴보며 장기 이용 비용을 비교할 수 있는 차종입니다.
      </p>

      <p>
        EV9 견적은 계약기간, 보증금과 선납금 여부,
        연간 주행거리, 정비 포함 여부와 이용 조건에 따라 달라질 수 있습니다.
        한 가지 조건만 확인하기보다 여러 계약 조건을 함께 비교해 자신에게 맞는 방식을 확인하는 것이 좋습니다.
      </p>

      <div class=""model-seo-points"">
        <span>계약기간 비교</span>
        <span>초기비용 확인</span>
        <span>연간 주행거리</span>
        <span>렌트·리스 비교</span>
      </div>

    </div>
  </div>
</section>"
"filante","<section class=""model-seo-section"" id=""model-info"">
  <div class=""container"">
    <div class=""model-seo-box"">

      <span class=""model-seo-brand"">르노코리아</span>

      <h2>필랑트 장기렌트·자동차리스 비교</h2>

      <p>
        개인 이용과 법인 차량을 함께 고려할 수 있는 프리미엄 차종입니다.
      </p>

      <p>
        필랑트 견적은 계약기간, 보증금과 선납금 여부,
        연간 주행거리, 정비 포함 여부와 이용 조건에 따라 달라질 수 있습니다.
        한 가지 조건만 확인하기보다 여러 계약 조건을 함께 비교해 자신에게 맞는 방식을 확인하는 것이 좋습니다.
      </p>

      <div class=""model-seo-points"">
        <span>계약기간 비교</span>
        <span>초기비용 확인</span>
        <span>연간 주행거리</span>
        <span>렌트·리스 비교</span>
      </div>

    </div>
  </div>
</section>"
"g70","<section class=""model-seo-section"" id=""model-info"">
  <div class=""container"">
    <div class=""model-seo-box"">

      <span class=""model-seo-brand"">현대 제네시스</span>

      <h2>G70 장기렌트·자동차리스 비교</h2>

      <p>
        개인 이용과 법인 차량을 함께 고려할 수 있는 프리미엄 차종입니다.
      </p>

      <p>
        G70 견적은 계약기간, 보증금과 선납금 여부,
        연간 주행거리, 정비 포함 여부와 이용 조건에 따라 달라질 수 있습니다.
        한 가지 조건만 확인하기보다 여러 계약 조건을 함께 비교해 자신에게 맞는 방식을 확인하는 것이 좋습니다.
      </p>

      <div class=""model-seo-points"">
        <span>계약기간 비교</span>
        <span>초기비용 확인</span>
        <span>연간 주행거리</span>
        <span>렌트·리스 비교</span>
      </div>

    </div>
  </div>
</section>"
"g80","<section class=""model-seo-section"" id=""model-info"">
  <div class=""container"">
    <div class=""model-seo-box"">

      <span class=""model-seo-brand"">현대 제네시스</span>

      <h2>G80 장기렌트·자동차리스 비교</h2>

      <p>
        개인 이용과 법인 차량을 함께 고려할 수 있는 프리미엄 차종입니다.
      </p>

      <p>
        G80 견적은 계약기간, 보증금과 선납금 여부,
        연간 주행거리, 정비 포함 여부와 이용 조건에 따라 달라질 수 있습니다.
        한 가지 조건만 확인하기보다 여러 계약 조건을 함께 비교해 자신에게 맞는 방식을 확인하는 것이 좋습니다.
      </p>

      <div class=""model-seo-points"">
        <span>계약기간 비교</span>
        <span>초기비용 확인</span>
        <span>연간 주행거리</span>
        <span>렌트·리스 비교</span>
      </div>

    </div>
  </div>
</section>"
"g90","<section class=""model-seo-section"" id=""model-info"">
  <div class=""container"">
    <div class=""model-seo-box"">

      <span class=""model-seo-brand"">현대 제네시스</span>

      <h2>G90 장기렌트·자동차리스 비교</h2>

      <p>
        개인 이용과 법인 차량을 함께 고려할 수 있는 프리미엄 차종입니다.
      </p>

      <p>
        G90 견적은 계약기간, 보증금과 선납금 여부,
        연간 주행거리, 정비 포함 여부와 이용 조건에 따라 달라질 수 있습니다.
        한 가지 조건만 확인하기보다 여러 계약 조건을 함께 비교해 자신에게 맞는 방식을 확인하는 것이 좋습니다.
      </p>

      <div class=""model-seo-points"">
        <span>계약기간 비교</span>
        <span>초기비용 확인</span>
        <span>연간 주행거리</span>
        <span>렌트·리스 비교</span>
      </div>

    </div>
  </div>
</section>"
"grandeur","<section class=""model-seo-section"" id=""model-info"">
  <div class=""container"">
    <div class=""model-seo-box"">

      <span class=""model-seo-brand"">현대</span>

      <h2>그랜저 장기렌트·자동차리스 비교</h2>

      <p>
        개인 이용과 법인 차량을 함께 고려할 수 있는 프리미엄 차종입니다.
      </p>

      <p>
        그랜저 견적은 계약기간, 보증금과 선납금 여부,
        연간 주행거리, 정비 포함 여부와 이용 조건에 따라 달라질 수 있습니다.
        한 가지 조건만 확인하기보다 여러 계약 조건을 함께 비교해 자신에게 맞는 방식을 확인하는 것이 좋습니다.
      </p>

      <div class=""model-seo-points"">
        <span>계약기간 비교</span>
        <span>초기비용 확인</span>
        <span>연간 주행거리</span>
        <span>렌트·리스 비교</span>
      </div>

    </div>
  </div>
</section>"
"grand-koleos","<section class=""model-seo-section"" id=""model-info"">
  <div class=""container"">
    <div class=""model-seo-box"">

      <span class=""model-seo-brand"">르노코리아</span>

      <h2>그랑 콜레오스 장기렌트·자동차리스 비교</h2>

      <p>
        일상 주행부터 가족 이동과 레저 활용까지 폭넓게 고려할 수 있는 SUV 차종입니다.
      </p>

      <p>
        그랑 콜레오스 견적은 계약기간, 보증금과 선납금 여부,
        연간 주행거리, 정비 포함 여부와 이용 조건에 따라 달라질 수 있습니다.
        한 가지 조건만 확인하기보다 여러 계약 조건을 함께 비교해 자신에게 맞는 방식을 확인하는 것이 좋습니다.
      </p>

      <div class=""model-seo-points"">
        <span>계약기간 비교</span>
        <span>초기비용 확인</span>
        <span>연간 주행거리</span>
        <span>렌트·리스 비교</span>
      </div>

    </div>
  </div>
</section>"
"gv60","<section class=""model-seo-section"" id=""model-info"">
  <div class=""container"">
    <div class=""model-seo-box"">

      <span class=""model-seo-brand"">현대 제네시스</span>

      <h2>GV60 장기렌트·자동차리스 비교</h2>

      <p>
        전기차 특성과 계약 조건을 함께 살펴보며 장기 이용 비용을 비교할 수 있는 차종입니다.
      </p>

      <p>
        GV60 견적은 계약기간, 보증금과 선납금 여부,
        연간 주행거리, 정비 포함 여부와 이용 조건에 따라 달라질 수 있습니다.
        한 가지 조건만 확인하기보다 여러 계약 조건을 함께 비교해 자신에게 맞는 방식을 확인하는 것이 좋습니다.
      </p>

      <div class=""model-seo-points"">
        <span>계약기간 비교</span>
        <span>초기비용 확인</span>
        <span>연간 주행거리</span>
        <span>렌트·리스 비교</span>
      </div>

    </div>
  </div>
</section>"
"gv70","<section class=""model-seo-section"" id=""model-info"">
  <div class=""container"">
    <div class=""model-seo-box"">

      <span class=""model-seo-brand"">현대 제네시스</span>

      <h2>GV70 장기렌트·자동차리스 비교</h2>

      <p>
        프리미엄 사양과 SUV 공간 활용성을 함께 원하는 고객이 비교하기 좋은 차종입니다.
      </p>

      <p>
        GV70 견적은 계약기간, 보증금과 선납금 여부,
        연간 주행거리, 정비 포함 여부와 이용 조건에 따라 달라질 수 있습니다.
        한 가지 조건만 확인하기보다 여러 계약 조건을 함께 비교해 자신에게 맞는 방식을 확인하는 것이 좋습니다.
      </p>

      <div class=""model-seo-points"">
        <span>계약기간 비교</span>
        <span>초기비용 확인</span>
        <span>연간 주행거리</span>
        <span>렌트·리스 비교</span>
      </div>

    </div>
  </div>
</section>"
"gv80","<section class=""model-seo-section"" id=""model-info"">
  <div class=""container"">
    <div class=""model-seo-box"">

      <span class=""model-seo-brand"">현대 제네시스</span>

      <h2>GV80 장기렌트·자동차리스 비교</h2>

      <p>
        프리미엄 사양과 SUV 공간 활용성을 함께 원하는 고객이 비교하기 좋은 차종입니다.
      </p>

      <p>
        GV80 견적은 계약기간, 보증금과 선납금 여부,
        연간 주행거리, 정비 포함 여부와 이용 조건에 따라 달라질 수 있습니다.
        한 가지 조건만 확인하기보다 여러 계약 조건을 함께 비교해 자신에게 맞는 방식을 확인하는 것이 좋습니다.
      </p>

      <div class=""model-seo-points"">
        <span>계약기간 비교</span>
        <span>초기비용 확인</span>
        <span>연간 주행거리</span>
        <span>렌트·리스 비교</span>
      </div>

    </div>
  </div>
</section>"
"ioniq5","<section class=""model-seo-section"" id=""model-info"">
  <div class=""container"">
    <div class=""model-seo-box"">

      <span class=""model-seo-brand"">현대</span>

      <h2>아이오닉5 장기렌트·자동차리스 비교</h2>

      <p>
        전기차 특성과 계약 조건을 함께 살펴보며 장기 이용 비용을 비교할 수 있는 차종입니다.
      </p>

      <p>
        아이오닉5 견적은 계약기간, 보증금과 선납금 여부,
        연간 주행거리, 정비 포함 여부와 이용 조건에 따라 달라질 수 있습니다.
        한 가지 조건만 확인하기보다 여러 계약 조건을 함께 비교해 자신에게 맞는 방식을 확인하는 것이 좋습니다.
      </p>

      <div class=""model-seo-points"">
        <span>계약기간 비교</span>
        <span>초기비용 확인</span>
        <span>연간 주행거리</span>
        <span>렌트·리스 비교</span>
      </div>

    </div>
  </div>
</section>"
"ioniq6","<section class=""model-seo-section"" id=""model-info"">
  <div class=""container"">
    <div class=""model-seo-box"">

      <span class=""model-seo-brand"">현대</span>

      <h2>아이오닉6 장기렌트·자동차리스 비교</h2>

      <p>
        전기차 특성과 계약 조건을 함께 살펴보며 장기 이용 비용을 비교할 수 있는 차종입니다.
      </p>

      <p>
        아이오닉6 견적은 계약기간, 보증금과 선납금 여부,
        연간 주행거리, 정비 포함 여부와 이용 조건에 따라 달라질 수 있습니다.
        한 가지 조건만 확인하기보다 여러 계약 조건을 함께 비교해 자신에게 맞는 방식을 확인하는 것이 좋습니다.
      </p>

      <div class=""model-seo-points"">
        <span>계약기간 비교</span>
        <span>초기비용 확인</span>
        <span>연간 주행거리</span>
        <span>렌트·리스 비교</span>
      </div>

    </div>
  </div>
</section>"
"ioniq9","<section class=""model-seo-section"" id=""model-info"">
  <div class=""container"">
    <div class=""model-seo-box"">

      <span class=""model-seo-brand"">현대</span>

      <h2>아이오닉9 장기렌트·자동차리스 비교</h2>

      <p>
        전기차 특성과 계약 조건을 함께 살펴보며 장기 이용 비용을 비교할 수 있는 차종입니다.
      </p>

      <p>
        아이오닉9 견적은 계약기간, 보증금과 선납금 여부,
        연간 주행거리, 정비 포함 여부와 이용 조건에 따라 달라질 수 있습니다.
        한 가지 조건만 확인하기보다 여러 계약 조건을 함께 비교해 자신에게 맞는 방식을 확인하는 것이 좋습니다.
      </p>

      <div class=""model-seo-points"">
        <span>계약기간 비교</span>
        <span>초기비용 확인</span>
        <span>연간 주행거리</span>
        <span>렌트·리스 비교</span>
      </div>

    </div>
  </div>
</section>"
"k5","<section class=""model-seo-section"" id=""model-info"">
  <div class=""container"">
    <div class=""model-seo-box"">

      <span class=""model-seo-brand"">기아</span>

      <h2>K5 장기렌트·자동차리스 비교</h2>

      <p>
        출퇴근과 일상 주행, 업무용 차량까지 폭넓게 비교할 수 있는 세단 차종입니다.
      </p>

      <p>
        K5 견적은 계약기간, 보증금과 선납금 여부,
        연간 주행거리, 정비 포함 여부와 이용 조건에 따라 달라질 수 있습니다.
        한 가지 조건만 확인하기보다 여러 계약 조건을 함께 비교해 자신에게 맞는 방식을 확인하는 것이 좋습니다.
      </p>

      <div class=""model-seo-points"">
        <span>계약기간 비교</span>
        <span>초기비용 확인</span>
        <span>연간 주행거리</span>
        <span>렌트·리스 비교</span>
      </div>

    </div>
  </div>
</section>"
"k8","<section class=""model-seo-section"" id=""model-info"">
  <div class=""container"">
    <div class=""model-seo-box"">

      <span class=""model-seo-brand"">기아</span>

      <h2>K8 장기렌트·자동차리스 비교</h2>

      <p>
        개인 이용과 법인 차량을 함께 고려할 수 있는 프리미엄 차종입니다.
      </p>

      <p>
        K8 견적은 계약기간, 보증금과 선납금 여부,
        연간 주행거리, 정비 포함 여부와 이용 조건에 따라 달라질 수 있습니다.
        한 가지 조건만 확인하기보다 여러 계약 조건을 함께 비교해 자신에게 맞는 방식을 확인하는 것이 좋습니다.
      </p>

      <div class=""model-seo-points"">
        <span>계약기간 비교</span>
        <span>초기비용 확인</span>
        <span>연간 주행거리</span>
        <span>렌트·리스 비교</span>
      </div>

    </div>
  </div>
</section>"
"kona","<section class=""model-seo-section"" id=""model-info"">
  <div class=""container"">
    <div class=""model-seo-box"">

      <span class=""model-seo-brand"">현대</span>

      <h2>코나 장기렌트·자동차리스 비교</h2>

      <p>
        일상 주행부터 가족 이동과 레저 활용까지 폭넓게 고려할 수 있는 SUV 차종입니다.
      </p>

      <p>
        코나 견적은 계약기간, 보증금과 선납금 여부,
        연간 주행거리, 정비 포함 여부와 이용 조건에 따라 달라질 수 있습니다.
        한 가지 조건만 확인하기보다 여러 계약 조건을 함께 비교해 자신에게 맞는 방식을 확인하는 것이 좋습니다.
      </p>

      <div class=""model-seo-points"">
        <span>계약기간 비교</span>
        <span>초기비용 확인</span>
        <span>연간 주행거리</span>
        <span>렌트·리스 비교</span>
      </div>

    </div>
  </div>
</section>"
"korando","<section class=""model-seo-section"" id=""model-info"">
  <div class=""container"">
    <div class=""model-seo-box"">

      <span class=""model-seo-brand"">KG모빌리티</span>

      <h2>코란도 장기렌트·자동차리스 비교</h2>

      <p>
        일상 주행부터 가족 이동과 레저 활용까지 폭넓게 고려할 수 있는 SUV 차종입니다.
      </p>

      <p>
        코란도 견적은 계약기간, 보증금과 선납금 여부,
        연간 주행거리, 정비 포함 여부와 이용 조건에 따라 달라질 수 있습니다.
        한 가지 조건만 확인하기보다 여러 계약 조건을 함께 비교해 자신에게 맞는 방식을 확인하는 것이 좋습니다.
      </p>

      <div class=""model-seo-points"">
        <span>계약기간 비교</span>
        <span>초기비용 확인</span>
        <span>연간 주행거리</span>
        <span>렌트·리스 비교</span>
      </div>

    </div>
  </div>
</section>"
"lexus-es","<section class=""model-seo-section"" id=""model-info"">
  <div class=""container"">
    <div class=""model-seo-box"">

      <span class=""model-seo-brand"">렉서스</span>

      <h2>렉서스 ES 장기렌트·자동차리스 비교</h2>

      <p>
        개인 이용과 법인 차량을 함께 고려할 수 있는 프리미엄 차종입니다.
      </p>

      <p>
        렉서스 ES 견적은 계약기간, 보증금과 선납금 여부,
        연간 주행거리, 정비 포함 여부와 이용 조건에 따라 달라질 수 있습니다.
        한 가지 조건만 확인하기보다 여러 계약 조건을 함께 비교해 자신에게 맞는 방식을 확인하는 것이 좋습니다.
      </p>

      <div class=""model-seo-points"">
        <span>계약기간 비교</span>
        <span>초기비용 확인</span>
        <span>연간 주행거리</span>
        <span>렌트·리스 비교</span>
      </div>

    </div>
  </div>
</section>"
"morning","<section class=""model-seo-section"" id=""model-info"">
  <div class=""container"">
    <div class=""model-seo-box"">

      <span class=""model-seo-brand"">기아</span>

      <h2>모닝 장기렌트·자동차리스 비교</h2>

      <p>
        도심 이동과 경제적인 차량 운용을 고려하는 고객이 비교하기 좋은 차종입니다.
      </p>

      <p>
        모닝 견적은 계약기간, 보증금과 선납금 여부,
        연간 주행거리, 정비 포함 여부와 이용 조건에 따라 달라질 수 있습니다.
        한 가지 조건만 확인하기보다 여러 계약 조건을 함께 비교해 자신에게 맞는 방식을 확인하는 것이 좋습니다.
      </p>

      <div class=""model-seo-points"">
        <span>계약기간 비교</span>
        <span>초기비용 확인</span>
        <span>연간 주행거리</span>
        <span>렌트·리스 비교</span>
      </div>

    </div>
  </div>
</section>"
"musso-khan","<section class=""model-seo-section"" id=""model-info"">
  <div class=""container"">
    <div class=""model-seo-box"">

      <span class=""model-seo-brand"">KG모빌리티</span>

      <h2>무쏘 칸 장기렌트·자동차리스 비교</h2>

      <p>
        사업용과 레저 활용 등 다양한 운행 목적에 맞춰 계약 조건을 비교할 수 있는 차종입니다.
      </p>

      <p>
        무쏘 칸 견적은 계약기간, 보증금과 선납금 여부,
        연간 주행거리, 정비 포함 여부와 이용 조건에 따라 달라질 수 있습니다.
        한 가지 조건만 확인하기보다 여러 계약 조건을 함께 비교해 자신에게 맞는 방식을 확인하는 것이 좋습니다.
      </p>

      <div class=""model-seo-points"">
        <span>계약기간 비교</span>
        <span>초기비용 확인</span>
        <span>연간 주행거리</span>
        <span>렌트·리스 비교</span>
      </div>

    </div>
  </div>
</section>"
"musso-sports","<section class=""model-seo-section"" id=""model-info"">
  <div class=""container"">
    <div class=""model-seo-box"">

      <span class=""model-seo-brand"">KG모빌리티</span>

      <h2>무쏘 스포츠 장기렌트·자동차리스 비교</h2>

      <p>
        사업용과 레저 활용 등 다양한 운행 목적에 맞춰 계약 조건을 비교할 수 있는 차종입니다.
      </p>

      <p>
        무쏘 스포츠 견적은 계약기간, 보증금과 선납금 여부,
        연간 주행거리, 정비 포함 여부와 이용 조건에 따라 달라질 수 있습니다.
        한 가지 조건만 확인하기보다 여러 계약 조건을 함께 비교해 자신에게 맞는 방식을 확인하는 것이 좋습니다.
      </p>

      <div class=""model-seo-points"">
        <span>계약기간 비교</span>
        <span>초기비용 확인</span>
        <span>연간 주행거리</span>
        <span>렌트·리스 비교</span>
      </div>

    </div>
  </div>
</section>"
"niro","<section class=""model-seo-section"" id=""model-info"">
  <div class=""container"">
    <div class=""model-seo-box"">

      <span class=""model-seo-brand"">기아</span>

      <h2>니로 장기렌트·자동차리스 비교</h2>

      <p>
        일상 주행부터 가족 이동과 레저 활용까지 폭넓게 고려할 수 있는 SUV 차종입니다.
      </p>

      <p>
        니로 견적은 계약기간, 보증금과 선납금 여부,
        연간 주행거리, 정비 포함 여부와 이용 조건에 따라 달라질 수 있습니다.
        한 가지 조건만 확인하기보다 여러 계약 조건을 함께 비교해 자신에게 맞는 방식을 확인하는 것이 좋습니다.
      </p>

      <div class=""model-seo-points"">
        <span>계약기간 비교</span>
        <span>초기비용 확인</span>
        <span>연간 주행거리</span>
        <span>렌트·리스 비교</span>
      </div>

    </div>
  </div>
</section>"
"palisade","<section class=""model-seo-section"" id=""model-info"">
  <div class=""container"">
    <div class=""model-seo-box"">

      <span class=""model-seo-brand"">현대</span>

      <h2>팰리세이드 장기렌트·자동차리스 비교</h2>

      <p>
        일상 주행부터 가족 이동과 레저 활용까지 폭넓게 고려할 수 있는 SUV 차종입니다.
      </p>

      <p>
        팰리세이드 견적은 계약기간, 보증금과 선납금 여부,
        연간 주행거리, 정비 포함 여부와 이용 조건에 따라 달라질 수 있습니다.
        한 가지 조건만 확인하기보다 여러 계약 조건을 함께 비교해 자신에게 맞는 방식을 확인하는 것이 좋습니다.
      </p>

      <div class=""model-seo-points"">
        <span>계약기간 비교</span>
        <span>초기비용 확인</span>
        <span>연간 주행거리</span>
        <span>렌트·리스 비교</span>
      </div>

    </div>
  </div>
</section>"
"qm6","<section class=""model-seo-section"" id=""model-info"">
  <div class=""container"">
    <div class=""model-seo-box"">

      <span class=""model-seo-brand"">르노코리아</span>

      <h2>QM6 장기렌트·자동차리스 비교</h2>

      <p>
        일상 주행부터 가족 이동과 레저 활용까지 폭넓게 고려할 수 있는 SUV 차종입니다.
      </p>

      <p>
        QM6 견적은 계약기간, 보증금과 선납금 여부,
        연간 주행거리, 정비 포함 여부와 이용 조건에 따라 달라질 수 있습니다.
        한 가지 조건만 확인하기보다 여러 계약 조건을 함께 비교해 자신에게 맞는 방식을 확인하는 것이 좋습니다.
      </p>

      <div class=""model-seo-points"">
        <span>계약기간 비교</span>
        <span>초기비용 확인</span>
        <span>연간 주행거리</span>
        <span>렌트·리스 비교</span>
      </div>

    </div>
  </div>
</section>"
"ray","<section class=""model-seo-section"" id=""model-info"">
  <div class=""container"">
    <div class=""model-seo-box"">

      <span class=""model-seo-brand"">기아</span>

      <h2>레이 장기렌트·자동차리스 비교</h2>

      <p>
        도심 이동과 경제적인 차량 운용을 고려하는 고객이 비교하기 좋은 차종입니다.
      </p>

      <p>
        레이 견적은 계약기간, 보증금과 선납금 여부,
        연간 주행거리, 정비 포함 여부와 이용 조건에 따라 달라질 수 있습니다.
        한 가지 조건만 확인하기보다 여러 계약 조건을 함께 비교해 자신에게 맞는 방식을 확인하는 것이 좋습니다.
      </p>

      <div class=""model-seo-points"">
        <span>계약기간 비교</span>
        <span>초기비용 확인</span>
        <span>연간 주행거리</span>
        <span>렌트·리스 비교</span>
      </div>

    </div>
  </div>
</section>"
"rexton","<section class=""model-seo-section"" id=""model-info"">
  <div class=""container"">
    <div class=""model-seo-box"">

      <span class=""model-seo-brand"">KG모빌리티</span>

      <h2>렉스턴 장기렌트·자동차리스 비교</h2>

      <p>
        일상 주행부터 가족 이동과 레저 활용까지 폭넓게 고려할 수 있는 SUV 차종입니다.
      </p>

      <p>
        렉스턴 견적은 계약기간, 보증금과 선납금 여부,
        연간 주행거리, 정비 포함 여부와 이용 조건에 따라 달라질 수 있습니다.
        한 가지 조건만 확인하기보다 여러 계약 조건을 함께 비교해 자신에게 맞는 방식을 확인하는 것이 좋습니다.
      </p>

      <div class=""model-seo-points"">
        <span>계약기간 비교</span>
        <span>초기비용 확인</span>
        <span>연간 주행거리</span>
        <span>렌트·리스 비교</span>
      </div>

    </div>
  </div>
</section>"
"santafe","<section class=""model-seo-section"" id=""model-info"">
  <div class=""container"">
    <div class=""model-seo-box"">

      <span class=""model-seo-brand"">현대</span>

      <h2>싼타페 장기렌트·자동차리스 비교</h2>

      <p>
        일상 주행부터 가족 이동과 레저 활용까지 폭넓게 고려할 수 있는 SUV 차종입니다.
      </p>

      <p>
        싼타페 견적은 계약기간, 보증금과 선납금 여부,
        연간 주행거리, 정비 포함 여부와 이용 조건에 따라 달라질 수 있습니다.
        한 가지 조건만 확인하기보다 여러 계약 조건을 함께 비교해 자신에게 맞는 방식을 확인하는 것이 좋습니다.
      </p>

      <div class=""model-seo-points"">
        <span>계약기간 비교</span>
        <span>초기비용 확인</span>
        <span>연간 주행거리</span>
        <span>렌트·리스 비교</span>
      </div>

    </div>
  </div>
</section>"
"scenic-e-tech","<section class=""model-seo-section"" id=""model-info"">
  <div class=""container"">
    <div class=""model-seo-box"">

      <span class=""model-seo-brand"">르노코리아</span>

      <h2>세닉 E-Tech 장기렌트·자동차리스 비교</h2>

      <p>
        전기차 특성과 계약 조건을 함께 살펴보며 장기 이용 비용을 비교할 수 있는 차종입니다.
      </p>

      <p>
        세닉 E-Tech 견적은 계약기간, 보증금과 선납금 여부,
        연간 주행거리, 정비 포함 여부와 이용 조건에 따라 달라질 수 있습니다.
        한 가지 조건만 확인하기보다 여러 계약 조건을 함께 비교해 자신에게 맞는 방식을 확인하는 것이 좋습니다.
      </p>

      <div class=""model-seo-points"">
        <span>계약기간 비교</span>
        <span>초기비용 확인</span>
        <span>연간 주행거리</span>
        <span>렌트·리스 비교</span>
      </div>

    </div>
  </div>
</section>"
"seltos","<section class=""model-seo-section"" id=""model-info"">
  <div class=""container"">
    <div class=""model-seo-box"">

      <span class=""model-seo-brand"">기아</span>

      <h2>셀토스 장기렌트·자동차리스 비교</h2>

      <p>
        일상 주행부터 가족 이동과 레저 활용까지 폭넓게 고려할 수 있는 SUV 차종입니다.
      </p>

      <p>
        셀토스 견적은 계약기간, 보증금과 선납금 여부,
        연간 주행거리, 정비 포함 여부와 이용 조건에 따라 달라질 수 있습니다.
        한 가지 조건만 확인하기보다 여러 계약 조건을 함께 비교해 자신에게 맞는 방식을 확인하는 것이 좋습니다.
      </p>

      <div class=""model-seo-points"">
        <span>계약기간 비교</span>
        <span>초기비용 확인</span>
        <span>연간 주행거리</span>
        <span>렌트·리스 비교</span>
      </div>

    </div>
  </div>
</section>"
"sonata","<section class=""model-seo-section"" id=""model-info"">
  <div class=""container"">
    <div class=""model-seo-box"">

      <span class=""model-seo-brand"">현대</span>

      <h2>쏘나타 장기렌트·자동차리스 비교</h2>

      <p>
        출퇴근과 일상 주행, 업무용 차량까지 폭넓게 비교할 수 있는 세단 차종입니다.
      </p>

      <p>
        쏘나타 견적은 계약기간, 보증금과 선납금 여부,
        연간 주행거리, 정비 포함 여부와 이용 조건에 따라 달라질 수 있습니다.
        한 가지 조건만 확인하기보다 여러 계약 조건을 함께 비교해 자신에게 맞는 방식을 확인하는 것이 좋습니다.
      </p>

      <div class=""model-seo-points"">
        <span>계약기간 비교</span>
        <span>초기비용 확인</span>
        <span>연간 주행거리</span>
        <span>렌트·리스 비교</span>
      </div>

    </div>
  </div>
</section>"
"sorento","<section class=""model-seo-section"" id=""model-info"">
  <div class=""container"">
    <div class=""model-seo-box"">

      <span class=""model-seo-brand"">기아</span>

      <h2>쏘렌토 장기렌트·자동차리스 비교</h2>

      <p>
        일상 주행부터 가족 이동과 레저 활용까지 폭넓게 고려할 수 있는 SUV 차종입니다.
      </p>

      <p>
        쏘렌토 견적은 계약기간, 보증금과 선납금 여부,
        연간 주행거리, 정비 포함 여부와 이용 조건에 따라 달라질 수 있습니다.
        한 가지 조건만 확인하기보다 여러 계약 조건을 함께 비교해 자신에게 맞는 방식을 확인하는 것이 좋습니다.
      </p>

      <div class=""model-seo-points"">
        <span>계약기간 비교</span>
        <span>초기비용 확인</span>
        <span>연간 주행거리</span>
        <span>렌트·리스 비교</span>
      </div>

    </div>
  </div>
</section>"
"sportage","<section class=""model-seo-section"" id=""model-info"">
  <div class=""container"">
    <div class=""model-seo-box"">

      <span class=""model-seo-brand"">기아</span>

      <h2>스포티지 장기렌트·자동차리스 비교</h2>

      <p>
        일상 주행부터 가족 이동과 레저 활용까지 폭넓게 고려할 수 있는 SUV 차종입니다.
      </p>

      <p>
        스포티지 견적은 계약기간, 보증금과 선납금 여부,
        연간 주행거리, 정비 포함 여부와 이용 조건에 따라 달라질 수 있습니다.
        한 가지 조건만 확인하기보다 여러 계약 조건을 함께 비교해 자신에게 맞는 방식을 확인하는 것이 좋습니다.
      </p>

      <div class=""model-seo-points"">
        <span>계약기간 비교</span>
        <span>초기비용 확인</span>
        <span>연간 주행거리</span>
        <span>렌트·리스 비교</span>
      </div>

    </div>
  </div>
</section>"
"staria","<section class=""model-seo-section"" id=""model-info"">
  <div class=""container"">
    <div class=""model-seo-box"">

      <span class=""model-seo-brand"">현대</span>

      <h2>스타리아 장기렌트·자동차리스 비교</h2>

      <p>
        다인승 이동과 가족용, 업무용 차량을 함께 고려하기 좋은 차종입니다.
      </p>

      <p>
        스타리아 견적은 계약기간, 보증금과 선납금 여부,
        연간 주행거리, 정비 포함 여부와 이용 조건에 따라 달라질 수 있습니다.
        한 가지 조건만 확인하기보다 여러 계약 조건을 함께 비교해 자신에게 맞는 방식을 확인하는 것이 좋습니다.
      </p>

      <div class=""model-seo-points"">
        <span>계약기간 비교</span>
        <span>초기비용 확인</span>
        <span>연간 주행거리</span>
        <span>렌트·리스 비교</span>
      </div>

    </div>
  </div>
</section>"
"tesla-model-3","<section class=""model-seo-section"" id=""model-info"">
  <div class=""container"">
    <div class=""model-seo-box"">

      <span class=""model-seo-brand"">테슬라</span>

      <h2>테슬라 모델3 장기렌트·자동차리스 비교</h2>

      <p>
        전기차 특성과 계약 조건을 함께 살펴보며 장기 이용 비용을 비교할 수 있는 차종입니다.
      </p>

      <p>
        테슬라 모델3 견적은 계약기간, 보증금과 선납금 여부,
        연간 주행거리, 정비 포함 여부와 이용 조건에 따라 달라질 수 있습니다.
        한 가지 조건만 확인하기보다 여러 계약 조건을 함께 비교해 자신에게 맞는 방식을 확인하는 것이 좋습니다.
      </p>

      <div class=""model-seo-points"">
        <span>계약기간 비교</span>
        <span>초기비용 확인</span>
        <span>연간 주행거리</span>
        <span>렌트·리스 비교</span>
      </div>

    </div>
  </div>
</section>"
"tesla-model-y","<section class=""model-seo-section"" id=""model-info"">
  <div class=""container"">
    <div class=""model-seo-box"">

      <span class=""model-seo-brand"">테슬라</span>

      <h2>테슬라 모델Y 장기렌트·자동차리스 비교</h2>

      <p>
        전기차 특성과 계약 조건을 함께 살펴보며 장기 이용 비용을 비교할 수 있는 차종입니다.
      </p>

      <p>
        테슬라 모델Y 견적은 계약기간, 보증금과 선납금 여부,
        연간 주행거리, 정비 포함 여부와 이용 조건에 따라 달라질 수 있습니다.
        한 가지 조건만 확인하기보다 여러 계약 조건을 함께 비교해 자신에게 맞는 방식을 확인하는 것이 좋습니다.
      </p>

      <div class=""model-seo-points"">
        <span>계약기간 비교</span>
        <span>초기비용 확인</span>
        <span>연간 주행거리</span>
        <span>렌트·리스 비교</span>
      </div>

    </div>
  </div>
</section>"
"torres","<section class=""model-seo-section"" id=""model-info"">
  <div class=""container"">
    <div class=""model-seo-box"">

      <span class=""model-seo-brand"">KG모빌리티</span>

      <h2>토레스 장기렌트·자동차리스 비교</h2>

      <p>
        일상 주행부터 가족 이동과 레저 활용까지 폭넓게 고려할 수 있는 SUV 차종입니다.
      </p>

      <p>
        토레스 견적은 계약기간, 보증금과 선납금 여부,
        연간 주행거리, 정비 포함 여부와 이용 조건에 따라 달라질 수 있습니다.
        한 가지 조건만 확인하기보다 여러 계약 조건을 함께 비교해 자신에게 맞는 방식을 확인하는 것이 좋습니다.
      </p>

      <div class=""model-seo-points"">
        <span>계약기간 비교</span>
        <span>초기비용 확인</span>
        <span>연간 주행거리</span>
        <span>렌트·리스 비교</span>
      </div>

    </div>
  </div>
</section>"
"torres-evx","<section class=""model-seo-section"" id=""model-info"">
  <div class=""container"">
    <div class=""model-seo-box"">

      <span class=""model-seo-brand"">KG모빌리티</span>

      <h2>토레스 EVX 장기렌트·자동차리스 비교</h2>

      <p>
        전기차 특성과 계약 조건을 함께 살펴보며 장기 이용 비용을 비교할 수 있는 차종입니다.
      </p>

      <p>
        토레스 EVX 견적은 계약기간, 보증금과 선납금 여부,
        연간 주행거리, 정비 포함 여부와 이용 조건에 따라 달라질 수 있습니다.
        한 가지 조건만 확인하기보다 여러 계약 조건을 함께 비교해 자신에게 맞는 방식을 확인하는 것이 좋습니다.
      </p>

      <div class=""model-seo-points"">
        <span>계약기간 비교</span>
        <span>초기비용 확인</span>
        <span>연간 주행거리</span>
        <span>렌트·리스 비교</span>
      </div>

    </div>
  </div>
</section>"
"tucson","<section class=""model-seo-section"" id=""model-info"">
  <div class=""container"">
    <div class=""model-seo-box"">

      <span class=""model-seo-brand"">현대</span>

      <h2>투싼 장기렌트·자동차리스 비교</h2>

      <p>
        일상 주행부터 가족 이동과 레저 활용까지 폭넓게 고려할 수 있는 SUV 차종입니다.
      </p>

      <p>
        투싼 견적은 계약기간, 보증금과 선납금 여부,
        연간 주행거리, 정비 포함 여부와 이용 조건에 따라 달라질 수 있습니다.
        한 가지 조건만 확인하기보다 여러 계약 조건을 함께 비교해 자신에게 맞는 방식을 확인하는 것이 좋습니다.
      </p>

      <div class=""model-seo-points"">
        <span>계약기간 비교</span>
        <span>초기비용 확인</span>
        <span>연간 주행거리</span>
        <span>렌트·리스 비교</span>
      </div>

    </div>
  </div>
</section>"
"volvo-xc60","<section class=""model-seo-section"" id=""model-info"">
  <div class=""container"">
    <div class=""model-seo-box"">

      <span class=""model-seo-brand"">볼보</span>

      <h2>볼보 XC60 장기렌트·자동차리스 비교</h2>

      <p>
        프리미엄 사양과 SUV 공간 활용성을 함께 원하는 고객이 비교하기 좋은 차종입니다.
      </p>

      <p>
        볼보 XC60 견적은 계약기간, 보증금과 선납금 여부,
        연간 주행거리, 정비 포함 여부와 이용 조건에 따라 달라질 수 있습니다.
        한 가지 조건만 확인하기보다 여러 계약 조건을 함께 비교해 자신에게 맞는 방식을 확인하는 것이 좋습니다.
      </p>

      <div class=""model-seo-points"">
        <span>계약기간 비교</span>
        <span>초기비용 확인</span>
        <span>연간 주행거리</span>
        <span>렌트·리스 비교</span>
      </div>

    </div>
  </div>
</section>"
